PaymentID,CustomerID,CustomerName,MerchantID,MerchantName,PaymentDate,PaymentAmount,PaymentStatus,DisputeFlag,DefaultFlag
P0001,C008,Customer 8,M011,Merchant K,2024-03-04,252.9,FAILED,0,1
P0002,C016,Customer 16,M006,Merchant F,2024-05-19,218.84,PAID,0,0
P0003,C037,Customer 37,M002,Merchant B,2024-10-23,229.43,PAID,0,0
P0004,C030,Customer 30,M012,Merchant L,2024-03-07,369.27,PAID,1,0
P0005,C028,Customer 28,M003,Merchant C,2024-10-28,297.93,PAID,0,0
P0006,C050,Customer 50,M016,Merchant P,2024-04-20,219.73,PAID,0,0
P0007,C018,Customer 18,M012,Merchant L,2024-08-11,183.22,PAID,0,0
P0008,C010,Customer 10,M015,Merchant O,2024-08-08,87.15,PAID,0,0
P0009,C035,Customer 35,M015,Merchant O,2024-03-22,225.85,PAID,0,0
P0010,C037,Customer 37,M005,Merchant E,2024-04-02,352.26,PAID,0,0
P0011,C027,Customer 27,M015,Merchant O,2024-08-29,226.45,FAILED,1,1
P0012,C004,Customer 4,M013,Merchant M,2024-11-22,185.51,PAID,0,0
P0013,C005,Customer 5,M020,Merchant T,2024-06-12,193.14,PAID,0,0
P0014,C043,Customer 43,M015,Merchant O,2024-10-17,195.2,PAID,0,0
P0015,C008,Customer 8,M017,Merchant Q,2024-04-09,363.24,PAID,0,0
P0016,C008,Customer 8,M007,Merchant G,2024-11-09,446.88,PAID,0,0
P0017,C005,Customer 5,M019,Merchant S,2024-10-05,148.45,PAID,0,0
P0018,C043,Customer 43,M016,Merchant P,2024-03-25,194.05,FAILED,0,1
P0019,C023,Customer 23,M006,Merchant F,2024-03-16,231.65,PAID,0,0
P0020,C024,Customer 24,M006,Merchant F,2024-11-14,228.42,PAID,0,0
P0021,C017,Customer 17,M010,Merchant J,2024-12-11,470.64,PAID,0,0
P0022,C021,Customer 21,M020,Merchant T,2024-10-23,367.28,PAID,0,0
P0023,C015,Customer 15,M016,Merchant P,2024-05-10,129.04,PAID,0,0
P0024,C003,Customer 3,M018,Merchant R,2024-11-08,253.12,PAID,0,0
P0025,C018,Customer 18,M012,Merchant L,2024-08-20,155.61,PAID,0,0
P0026,C043,Customer 43,M017,Merchant Q,2024-05-07,267.39,FAILED,0,1
P0027,C030,Customer 30,M015,Merchant O,2024-10-01,124.43,PAID,0,0
P0028,C011,Customer 11,M013,Merchant M,2024-11-02,336.35,PAID,0,0
P0029,C011,Customer 11,M019,Merchant S,2024-01-06,280.92,PAID,0,0
P0030,C044,Customer 44,M010,Merchant J,2024-04-17,254.44,PAID,0,0
P0031,C023,Customer 23,M013,Merchant M,2024-07-08,231.19,PAID,0,0
P0032,C046,Customer 46,M013,Merchant M,2024-08-06,64.25,PAID,0,0
P0033,C004,Customer 4,M017,Merchant Q,2024-11-16,119.17,PAID,0,0
P0034,C044,Customer 44,M019,Merchant S,2024-05-12,141.77,PAID,0,0
P0035,C041,Customer 41,M003,Merchant C,2024-10-04,101.65,PAID,0,0
P0036,C015,Customer 15,M006,Merchant F,2024-07-16,393.34,PAID,0,0
P0037,C030,Customer 30,M014,Merchant N,2024-08-25,384.89,PAID,0,0
P0038,C030,Customer 30,M011,Merchant K,2024-11-06,357.54,PAID,0,0
P0039,C007,Customer 7,M004,Merchant D,2024-12-04,277.72,PAID,0,0
P0040,C015,Customer 15,M016,Merchant P,2024-07-15,158.26,PAID,0,0
P0041,C036,Customer 36,M013,Merchant M,2024-10-14,234.99,PAID,0,0
P0042,C040,Customer 40,M009,Merchant I,2024-03-15,318.59,PAID,0,0
P0043,C030,Customer 30,M014,Merchant N,2024-12-19,281.36,PAID,0,0
P0044,C010,Customer 10,M016,Merchant P,2024-06-07,245.3,PAID,0,0
P0045,C004,Customer 4,M001,Merchant A,2024-01-16,308.12,PAID,0,0
P0046,C002,Customer 2,M014,Merchant N,2024-08-18,338.39,PAID,0,0
P0047,C021,Customer 21,M017,Merchant Q,2024-04-12,245.52,PAID,0,0
P0048,C026,Customer 26,M007,Merchant G,2024-07-16,375.43,PAID,0,0
P0049,C002,Customer 2,M010,Merchant J,2024-03-21,414.38,PAID,1,0
P0050,C031,Customer 31,M015,Merchant O,2024-01-23,281.34,PAID,0,0
P0051,C016,Customer 16,M012,Merchant L,2024-01-09,418.38,PAID,0,0
P0052,C039,Customer 39,M016,Merchant P,2024-06-18,231.41,PAID,0,0
P0053,C017,Customer 17,M013,Merchant M,2024-03-30,212.78,PAID,0,0
P0054,C037,Customer 37,M010,Merchant J,2024-11-27,221.39,PAID,0,0
P0055,C026,Customer 26,M002,Merchant B,2024-12-19,105.97,PAID,0,0
P0056,C024,Customer 24,M020,Merchant T,2024-08-13,289.61,PAID,0,0
P0057,C006,Customer 6,M011,Merchant K,2024-10-10,270.64,FAILED,0,1
P0058,C021,Customer 21,M015,Merchant O,2024-03-28,438.75,PAID,0,0
P0059,C007,Customer 7,M009,Merchant I,2024-07-12,333.42,PAID,0,0
P0060,C027,Customer 27,M008,Merchant H,2024-10-29,440.64,PAID,0,0
P0061,C008,Customer 8,M013,Merchant M,2024-03-11,424.91,PAID,0,0
P0062,C024,Customer 24,M002,Merchant B,2024-11-10,151.6,PAID,0,0
P0063,C010,Customer 10,M008,Merchant H,2024-01-06,411.77,PAID,0,0
P0064,C002,Customer 2,M008,Merchant H,2024-11-23,106.88,FAILED,0,1
P0065,C039,Customer 39,M018,Merchant R,2024-08-31,97.82,PAID,0,0
P0066,C020,Customer 20,M002,Merchant B,2024-06-14,471.65,PAID,0,0
P0067,C016,Customer 16,M013,Merchant M,2024-08-18,384.65,PAID,0,0
P0068,C044,Customer 44,M009,Merchant I,2024-05-20,481.71,FAILED,0,1
P0069,C027,Customer 27,M020,Merchant T,2024-06-28,281.67,PAID,0,0
P0070,C047,Customer 47,M013,Merchant M,2024-05-26,238.88,PAID,1,0
P0071,C037,Customer 37,M017,Merchant Q,2024-04-09,339.97,FAILED,0,1
P0072,C036,Customer 36,M010,Merchant J,2024-01-04,378.43,PAID,0,0
P0073,C006,Customer 6,M004,Merchant D,2024-05-29,205.85,PAID,0,0
P0074,C025,Customer 25,M015,Merchant O,2024-07-16,411.53,PAID,0,0
P0075,C040,Customer 40,M016,Merchant P,2024-07-10,80.89,PAID,0,0
P0076,C016,Customer 16,M013,Merchant M,2024-03-23,117.23,PAID,0,0
P0077,C026,Customer 26,M013,Merchant M,2024-10-04,434.3,PAID,0,0
P0078,C050,Customer 50,M005,Merchant E,2024-03-25,134.74,PAID,0,0
P0079,C003,Customer 3,M001,Merchant A,2024-05-03,395.27,PAID,0,0
P0080,C031,Customer 31,M005,Merchant E,2024-02-07,273.11,PAID,0,0
P0081,C009,Customer 9,M019,Merchant S,2024-12-11,223.54,FAILED,0,1
P0082,C041,Customer 41,M006,Merchant F,2024-03-17,435.66,PAID,0,0
P0083,C032,Customer 32,M019,Merchant S,2024-05-29,117.54,PAID,0,0
P0084,C017,Customer 17,M018,Merchant R,2024-07-18,490.8,PAID,0,0
P0085,C025,Customer 25,M008,Merchant H,2024-07-11,339.71,PAID,1,0
P0086,C009,Customer 9,M002,Merchant B,2024-07-25,298.69,FAILED,0,1
P0087,C005,Customer 5,M005,Merchant E,2024-03-19,129.51,PAID,0,0
P0088,C005,Customer 5,M016,Merchant P,2024-03-30,135.82,PAID,0,0
P0089,C019,Customer 19,M014,Merchant N,2024-01-18,304.67,PAID,1,0
P0090,C026,Customer 26,M010,Merchant J,2024-08-06,199.21,PAID,0,0
P0091,C043,Customer 43,M018,Merchant R,2024-10-27,341.94,PAID,1,0
P0092,C019,Customer 19,M019,Merchant S,2024-10-23,497.94,PAID,0,0
P0093,C045,Customer 45,M009,Merchant I,2024-12-14,481.65,PAID,0,0
P0094,C035,Customer 35,M005,Merchant E,2024-12-26,290.54,PAID,0,0
P0095,C044,Customer 44,M002,Merchant B,2024-01-15,361.16,PAID,0,0
P0096,C049,Customer 49,M020,Merchant T,2024-09-23,130.59,PAID,0,0
P0097,C044,Customer 44,M016,Merchant P,2024-06-16,90.32,PAID,0,0
P0098,C022,Customer 22,M014,Merchant N,2024-02-19,343.27,FAILED,0,1
P0099,C045,Customer 45,M007,Merchant G,2024-03-28,146.38,PAID,0,0
P0100,C025,Customer 25,M014,Merchant N,2024-05-16,302.3,PAID,0,0
P0101,C045,Customer 45,M012,Merchant L,2024-05-30,102.76,PAID,0,0
P0102,C017,Customer 17,M007,Merchant G,2024-05-02,295.68,PAID,0,0
P0103,C030,Customer 30,M016,Merchant P,2024-08-24,116.76,PAID,0,0
P0104,C040,Customer 40,M005,Merchant E,2024-02-25,375.19,PAID,0,0
P0105,C048,Customer 48,M011,Merchant K,2024-03-31,465.78,PAID,0,0
P0106,C042,Customer 42,M004,Merchant D,2024-08-13,181.53,PAID,0,0
P0107,C042,Customer 42,M004,Merchant D,2024-02-02,155.9,PAID,0,0
P0108,C031,Customer 31,M005,Merchant E,2024-12-28,460.06,PAID,0,0
P0109,C011,Customer 11,M007,Merchant G,2024-06-21,261.0,PAID,0,0
P0110,C035,Customer 35,M019,Merchant S,2024-03-29,353.72,PAID,0,0
P0111,C026,Customer 26,M015,Merchant O,2024-04-08,432.99,FAILED,0,1
P0112,C048,Customer 48,M013,Merchant M,2024-01-11,240.05,PAID,0,0
P0113,C017,Customer 17,M014,Merchant N,2024-05-08,95.46,PAID,0,0
P0114,C032,Customer 32,M016,Merchant P,2024-12-26,141.94,FAILED,0,1
P0115,C042,Customer 42,M019,Merchant S,2024-02-11,213.59,PAID,0,0
P0116,C024,Customer 24,M004,Merchant D,2024-06-28,468.47,PAID,0,0
P0117,C021,Customer 21,M010,Merchant J,2024-03-31,325.96,PAID,0,0
P0118,C046,Customer 46,M011,Merchant K,2024-10-13,131.55,PAID,0,0
P0119,C023,Customer 23,M002,Merchant B,2024-08-23,430.08,PAID,0,0
P0120,C033,Customer 33,M015,Merchant O,2024-09-30,239.39,FAILED,0,1
P0121,C019,Customer 19,M018,Merchant R,2024-06-20,280.65,PAID,0,0
P0122,C003,Customer 3,M015,Merchant O,2024-08-23,223.0,FAILED,0,1
P0123,C044,Customer 44,M014,Merchant N,2024-06-29,419.75,PAID,0,0
P0124,C003,Customer 3,M012,Merchant L,2024-08-18,292.3,PAID,0,0
P0125,C013,Customer 13,M007,Merchant G,2024-12-08,449.66,PAID,0,0
P0126,C042,Customer 42,M017,Merchant Q,2024-06-17,370.31,FAILED,0,1
P0127,C007,Customer 7,M020,Merchant T,2024-10-08,360.57,PAID,0,0
P0128,C044,Customer 44,M013,Merchant M,2024-03-28,225.81,PAID,0,0
P0129,C018,Customer 18,M008,Merchant H,2024-08-11,180.02,FAILED,1,1
P0130,C049,Customer 49,M005,Merchant E,2024-01-10,379.14,PAID,1,0
P0131,C028,Customer 28,M019,Merchant S,2024-04-26,423.76,PAID,0,0
P0132,C007,Customer 7,M020,Merchant T,2024-08-10,316.12,PAID,0,0
P0133,C037,Customer 37,M004,Merchant D,2024-02-25,57.26,PAID,0,0
P0134,C045,Customer 45,M012,Merchant L,2024-10-22,174.62,PAID,0,0
P0135,C023,Customer 23,M013,Merchant M,2024-05-03,360.42,PAID,0,0
P0136,C013,Customer 13,M006,Merchant F,2024-11-21,86.09,PAID,0,0
P0137,C009,Customer 9,M013,Merchant M,2024-11-27,396.47,PAID,0,0
P0138,C022,Customer 22,M010,Merchant J,2024-11-28,196.8,PAID,0,0
P0139,C022,Customer 22,M013,Merchant M,2024-09-29,50.93,FAILED,0,1
P0140,C004,Customer 4,M014,Merchant N,2024-06-30,165.2,PAID,0,0
P0141,C028,Customer 28,M017,Merchant Q,2024-05-30,95.88,PAID,0,0
P0142,C020,Customer 20,M001,Merchant A,2024-05-08,275.3,FAILED,0,1
P0143,C019,Customer 19,M013,Merchant M,2024-12-24,487.85,PAID,0,0
P0144,C017,Customer 17,M001,Merchant A,2024-04-09,118.2,PAID,0,0
P0145,C009,Customer 9,M008,Merchant H,2024-04-03,437.15,PAID,0,0
P0146,C044,Customer 44,M002,Merchant B,2024-11-21,347.88,FAILED,0,1
P0147,C014,Customer 14,M010,Merchant J,2024-07-27,85.67,PAID,0,0
P0148,C016,Customer 16,M015,Merchant O,2024-02-15,425.66,PAID,1,0
P0149,C035,Customer 35,M002,Merchant B,2024-11-12,222.72,FAILED,0,1
P0150,C038,Customer 38,M011,Merchant K,2024-03-09,436.39,PAID,0,0
P0151,C013,Customer 13,M010,Merchant J,2024-05-25,210.97,FAILED,0,1
P0152,C018,Customer 18,M001,Merchant A,2024-04-27,97.72,PAID,0,0
P0153,C020,Customer 20,M010,Merchant J,2024-11-03,95.4,PAID,0,0
P0154,C041,Customer 41,M011,Merchant K,2024-11-17,322.21,FAILED,0,1
P0155,C026,Customer 26,M014,Merchant N,2024-02-08,212.37,PAID,0,0
P0156,C039,Customer 39,M019,Merchant S,2024-12-25,63.39,PAID,0,0
P0157,C009,Customer 9,M010,Merchant J,2024-04-29,396.89,PAID,0,0
P0158,C027,Customer 27,M002,Merchant B,2024-11-27,439.33,PAID,0,0
P0159,C018,Customer 18,M010,Merchant J,2024-07-24,200.26,PAID,0,0
P0160,C035,Customer 35,M012,Merchant L,2024-02-07,388.06,PAID,0,0
P0161,C047,Customer 47,M012,Merchant L,2024-11-16,327.75,PAID,0,0
P0162,C024,Customer 24,M017,Merchant Q,2024-02-18,266.76,PAID,0,0
P0163,C022,Customer 22,M001,Merchant A,2024-03-19,136.67,PAID,0,0
P0164,C027,Customer 27,M013,Merchant M,2024-02-26,403.75,PAID,0,0
P0165,C008,Customer 8,M004,Merchant D,2024-09-16,147.05,PAID,0,0
P0166,C017,Customer 17,M019,Merchant S,2024-07-08,120.23,PAID,0,0
P0167,C016,Customer 16,M007,Merchant G,2024-01-25,160.79,PAID,0,0
P0168,C020,Customer 20,M020,Merchant T,2024-12-15,341.45,PAID,0,0
P0169,C048,Customer 48,M020,Merchant T,2024-12-20,203.14,PAID,0,0
P0170,C033,Customer 33,M009,Merchant I,2024-05-15,434.27,PAID,0,0
P0171,C043,Customer 43,M019,Merchant S,2024-01-30,464.69,PAID,1,0
P0172,C022,Customer 22,M009,Merchant I,2024-09-16,188.34,PAID,0,0
P0173,C037,Customer 37,M019,Merchant S,2024-07-31,296.91,FAILED,0,1
P0174,C002,Customer 2,M001,Merchant A,2024-09-21,85.41,PAID,0,0
P0175,C033,Customer 33,M017,Merchant Q,2024-05-10,265.46,PAID,0,0
P0176,C046,Customer 46,M001,Merchant A,2024-02-07,384.4,PAID,0,0
P0177,C019,Customer 19,M015,Merchant O,2024-09-01,58.25,PAID,0,0
P0178,C049,Customer 49,M007,Merchant G,2024-02-21,498.23,PAID,0,0
P0179,C037,Customer 37,M012,Merchant L,2024-04-23,385.74,PAID,0,0
P0180,C043,Customer 43,M010,Merchant J,2024-05-15,448.64,PAID,0,0
P0181,C045,Customer 45,M007,Merchant G,2024-12-09,462.33,PAID,0,0
P0182,C017,Customer 17,M018,Merchant R,2024-12-20,118.41,PAID,0,0
P0183,C014,Customer 14,M020,Merchant T,2024-02-22,296.11,PAID,0,0
P0184,C001,Customer 1,M008,Merchant H,2024-03-05,290.66,PAID,0,0
P0185,C037,Customer 37,M014,Merchant N,2024-06-02,91.79,PAID,0,0
P0186,C028,Customer 28,M017,Merchant Q,2024-04-09,387.06,PAID,0,0
P0187,C021,Customer 21,M012,Merchant L,2024-03-27,138.08,PAID,0,0
P0188,C013,Customer 13,M012,Merchant L,2024-12-25,76.12,PAID,0,0
P0189,C040,Customer 40,M003,Merchant C,2024-03-15,255.83,PAID,0,0
P0190,C032,Customer 32,M013,Merchant M,2024-01-04,377.37,PAID,0,0
P0191,C034,Customer 34,M015,Merchant O,2024-04-27,272.61,PAID,0,0
P0192,C027,Customer 27,M009,Merchant I,2024-03-04,190.74,PAID,0,0
P0193,C031,Customer 31,M012,Merchant L,2024-05-30,138.54,PAID,0,0
P0194,C039,Customer 39,M008,Merchant H,2024-07-05,468.01,PAID,0,0
P0195,C047,Customer 47,M011,Merchant K,2024-03-16,201.0,PAID,1,0
P0196,C014,Customer 14,M015,Merchant O,2024-09-12,493.85,PAID,0,0
P0197,C032,Customer 32,M011,Merchant K,2024-01-01,194.98,PAID,0,0
P0198,C037,Customer 37,M013,Merchant M,2024-11-28,113.63,PAID,0,0
P0199,C012,Customer 12,M012,Merchant L,2024-05-23,140.21,FAILED,0,1
P0200,C004,Customer 4,M008,Merchant H,2024-09-13,164.51,PAID,0,0
P0201,C038,Customer 38,M020,Merchant T,2024-07-29,161.46,PAID,0,0
P0202,C005,Customer 5,M019,Merchant S,2024-10-01,271.57,FAILED,0,1
P0203,C010,Customer 10,M001,Merchant A,2024-05-22,464.37,PAID,0,0
P0204,C010,Customer 10,M010,Merchant J,2024-11-12,103.32,PAID,0,0
P0205,C005,Customer 5,M003,Merchant C,2024-06-03,271.38,PAID,0,0
P0206,C045,Customer 45,M007,Merchant G,2024-03-11,364.25,PAID,0,0
P0207,C013,Customer 13,M002,Merchant B,2024-05-07,66.28,PAID,0,0
P0208,C026,Customer 26,M001,Merchant A,2024-05-08,278.85,PAID,0,0
P0209,C041,Customer 41,M003,Merchant C,2024-12-26,319.12,PAID,0,0
P0210,C033,Customer 33,M008,Merchant H,2024-04-25,139.14,PAID,0,0
P0211,C009,Customer 9,M008,Merchant H,2024-10-27,252.57,PAID,0,0
P0212,C023,Customer 23,M008,Merchant H,2024-12-23,90.64,PAID,0,0
P0213,C045,Customer 45,M011,Merchant K,2024-08-12,192.18,PAID,0,0
P0214,C024,Customer 24,M019,Merchant S,2024-12-27,493.19,PAID,0,0
P0215,C021,Customer 21,M017,Merchant Q,2024-02-10,453.5,PAID,0,0
P0216,C005,Customer 5,M006,Merchant F,2024-04-25,355.94,PAID,0,0
P0217,C005,Customer 5,M013,Merchant M,2024-02-11,137.87,PAID,0,0
P0218,C015,Customer 15,M009,Merchant I,2024-03-27,336.97,FAILED,0,1
P0219,C018,Customer 18,M017,Merchant Q,2024-10-26,145.95,PAID,0,0
P0220,C031,Customer 31,M014,Merchant N,2024-04-23,272.58,PAID,0,0
P0221,C036,Customer 36,M006,Merchant F,2024-06-21,370.73,PAID,0,0
P0222,C039,Customer 39,M010,Merchant J,2024-07-07,276.83,FAILED,0,1
P0223,C016,Customer 16,M008,Merchant H,2024-12-04,80.91,PAID,0,0
P0224,C034,Customer 34,M017,Merchant Q,2024-02-26,339.19,PAID,0,0
P0225,C028,Customer 28,M004,Merchant D,2024-09-05,160.09,PAID,0,0
P0226,C022,Customer 22,M020,Merchant T,2024-01-19,243.48,FAILED,0,1
P0227,C013,Customer 13,M008,Merchant H,2024-02-02,276.22,PAID,0,0
P0228,C015,Customer 15,M018,Merchant R,2024-05-09,194.54,PAID,0,0
P0229,C030,Customer 30,M005,Merchant E,2024-08-07,305.32,PAID,0,0
P0230,C005,Customer 5,M015,Merchant O,2024-07-20,208.14,PAID,0,0
P0231,C031,Customer 31,M003,Merchant C,2024-01-30,481.94,PAID,0,0
P0232,C016,Customer 16,M013,Merchant M,2024-06-20,276.87,PAID,0,0
P0233,C038,Customer 38,M011,Merchant K,2024-02-07,238.62,PAID,0,0
P0234,C037,Customer 37,M003,Merchant C,2024-05-10,206.2,FAILED,0,1
P0235,C004,Customer 4,M001,Merchant A,2024-08-20,208.27,PAID,0,0
P0236,C048,Customer 48,M003,Merchant C,2024-12-24,267.33,PAID,0,0
P0237,C035,Customer 35,M013,Merchant M,2024-06-03,443.39,PAID,0,0
P0238,C031,Customer 31,M006,Merchant F,2024-06-27,232.55,PAID,0,0
P0239,C031,Customer 31,M013,Merchant M,2024-04-04,360.23,PAID,0,0
P0240,C027,Customer 27,M018,Merchant R,2024-04-09,299.14,PAID,0,0
P0241,C030,Customer 30,M012,Merchant L,2024-12-10,284.94,PAID,0,0
P0242,C016,Customer 16,M016,Merchant P,2024-09-10,354.63,PAID,0,0
P0243,C047,Customer 47,M002,Merchant B,2024-01-19,316.82,PAID,0,0
P0244,C030,Customer 30,M009,Merchant I,2024-06-23,487.18,PAID,0,0
P0245,C038,Customer 38,M008,Merchant H,2024-10-07,241.7,PAID,0,0
P0246,C016,Customer 16,M015,Merchant O,2024-05-17,454.24,PAID,0,0
P0247,C002,Customer 2,M009,Merchant I,2024-09-26,423.86,PAID,0,0
P0248,C018,Customer 18,M008,Merchant H,2024-12-03,357.25,PAID,0,0
P0249,C009,Customer 9,M003,Merchant C,2024-04-15,227.85,PAID,0,0
P0250,C021,Customer 21,M006,Merchant F,2024-02-28,320.46,PAID,0,0
P0251,C034,Customer 34,M011,Merchant K,2024-04-01,315.87,FAILED,0,1
P0252,C017,Customer 17,M019,Merchant S,2024-01-25,260.96,PAID,0,0
P0253,C027,Customer 27,M009,Merchant I,2024-06-18,498.4,PAID,0,0
P0254,C018,Customer 18,M013,Merchant M,2024-11-29,350.53,PAID,0,0
P0255,C031,Customer 31,M008,Merchant H,2024-10-10,79.56,PAID,0,0
P0256,C020,Customer 20,M005,Merchant E,2024-06-15,439.64,PAID,0,0
P0257,C013,Customer 13,M013,Merchant M,2024-07-12,396.49,PAID,0,0
P0258,C044,Customer 44,M017,Merchant Q,2024-10-26,283.56,FAILED,0,1
P0259,C048,Customer 48,M020,Merchant T,2024-08-25,239.84,PAID,0,0
P0260,C006,Customer 6,M012,Merchant L,2024-09-01,379.65,PAID,0,0
P0261,C039,Customer 39,M020,Merchant T,2024-11-21,373.19,PAID,0,0
P0262,C020,Customer 20,M013,Merchant M,2024-01-19,390.58,PAID,0,0
P0263,C006,Customer 6,M020,Merchant T,2024-02-06,190.95,PAID,0,0
P0264,C020,Customer 20,M016,Merchant P,2024-07-23,263.24,FAILED,0,1
P0265,C011,Customer 11,M002,Merchant B,2024-06-07,115.53,PAID,0,0
P0266,C036,Customer 36,M005,Merchant E,2024-09-02,329.11,FAILED,0,1
P0267,C007,Customer 7,M008,Merchant H,2024-03-17,383.04,PAID,0,0
P0268,C038,Customer 38,M002,Merchant B,2024-01-19,61.47,PAID,0,0
P0269,C014,Customer 14,M019,Merchant S,2024-05-08,158.51,PAID,0,0
P0270,C044,Customer 44,M018,Merchant R,2024-07-01,135.12,PAID,0,0
P0271,C036,Customer 36,M004,Merchant D,2024-06-04,494.35,PAID,0,0
P0272,C040,Customer 40,M011,Merchant K,2024-04-03,125.93,FAILED,0,1
P0273,C024,Customer 24,M006,Merchant F,2024-10-16,101.43,PAID,0,0
P0274,C045,Customer 45,M011,Merchant K,2024-09-16,373.3,PAID,0,0
P0275,C007,Customer 7,M019,Merchant S,2024-06-13,343.49,PAID,0,0
P0276,C032,Customer 32,M015,Merchant O,2024-01-15,298.54,PAID,0,0
P0277,C018,Customer 18,M001,Merchant A,2024-12-26,173.48,PAID,0,0
P0278,C023,Customer 23,M008,Merchant H,2024-02-25,411.21,PAID,0,0
P0279,C006,Customer 6,M013,Merchant M,2024-04-21,284.24,PAID,0,0
P0280,C012,Customer 12,M004,Merchant D,2024-08-24,198.91,PAID,0,0
P0281,C050,Customer 50,M016,Merchant P,2024-05-02,261.2,PAID,0,0
P0282,C017,Customer 17,M004,Merchant D,2024-12-02,402.54,PAID,0,0
P0283,C029,Customer 29,M011,Merchant K,2024-03-02,290.38,PAID,0,0
P0284,C049,Customer 49,M006,Merchant F,2024-11-23,230.08,PAID,0,0
P0285,C005,Customer 5,M011,Merchant K,2024-05-06,238.21,PAID,0,0
P0286,C017,Customer 17,M018,Merchant R,2024-10-28,100.37,PAID,0,0
P0287,C025,Customer 25,M011,Merchant K,2024-10-05,70.66,PAID,0,0
P0288,C007,Customer 7,M007,Merchant G,2024-12-29,151.67,PAID,0,0
P0289,C007,Customer 7,M008,Merchant H,2024-09-18,294.46,PAID,0,0
P0290,C022,Customer 22,M003,Merchant C,2024-07-31,241.84,PAID,1,0
P0291,C003,Customer 3,M013,Merchant M,2024-12-06,54.39,PAID,1,0
P0292,C028,Customer 28,M001,Merchant A,2024-12-13,241.91,PAID,0,0
P0293,C005,Customer 5,M006,Merchant F,2024-02-13,119.88,PAID,0,0
P0294,C029,Customer 29,M009,Merchant I,2024-11-16,270.36,PAID,0,0
P0295,C049,Customer 49,M015,Merchant O,2024-12-25,310.7,PAID,0,0
P0296,C005,Customer 5,M007,Merchant G,2024-09-30,206.45,PAID,0,0
P0297,C021,Customer 21,M002,Merchant B,2024-12-18,76.09,PAID,0,0
P0298,C037,Customer 37,M005,Merchant E,2024-10-25,338.0,PAID,0,0
P0299,C037,Customer 37,M019,Merchant S,2024-10-03,379.51,PAID,0,0
P0300,C041,Customer 41,M003,Merchant C,2024-08-29,292.42,PAID,1,0
P0301,C026,Customer 26,M009,Merchant I,2024-04-22,271.78,PAID,0,0
P0302,C003,Customer 3,M009,Merchant I,2024-10-21,374.14,PAID,0,0
P0303,C008,Customer 8,M005,Merchant E,2024-05-14,104.02,PAID,0,0
P0304,C003,Customer 3,M007,Merchant G,2024-07-24,259.81,PAID,0,0
P0305,C029,Customer 29,M011,Merchant K,2024-04-05,205.9,PAID,0,0
P0306,C044,Customer 44,M016,Merchant P,2024-05-22,160.06,PAID,0,0
P0307,C037,Customer 37,M011,Merchant K,2024-02-13,198.96,PAID,0,0
P0308,C047,Customer 47,M007,Merchant G,2024-05-05,394.23,PAID,0,0
P0309,C015,Customer 15,M005,Merchant E,2024-04-01,326.21,PAID,0,0
P0310,C023,Customer 23,M019,Merchant S,2024-12-14,325.66,PAID,0,0
P0311,C011,Customer 11,M017,Merchant Q,2024-05-25,133.28,PAID,0,0
P0312,C017,Customer 17,M014,Merchant N,2024-05-25,380.69,PAID,1,0
P0313,C013,Customer 13,M014,Merchant N,2024-12-12,179.58,PAID,0,0
P0314,C001,Customer 1,M017,Merchant Q,2024-12-04,193.29,PAID,1,0
P0315,C037,Customer 37,M001,Merchant A,2024-01-07,313.8,PAID,0,0
P0316,C019,Customer 19,M014,Merchant N,2024-08-29,324.9,PAID,0,0
P0317,C038,Customer 38,M019,Merchant S,2024-12-22,331.21,PAID,0,0
P0318,C012,Customer 12,M020,Merchant T,2024-07-16,426.64,PAID,0,0
P0319,C039,Customer 39,M002,Merchant B,2024-07-09,189.08,PAID,0,0
P0320,C031,Customer 31,M004,Merchant D,2024-03-05,384.2,PAID,0,0
P0321,C031,Customer 31,M018,Merchant R,2024-10-16,63.32,FAILED,0,1
P0322,C035,Customer 35,M003,Merchant C,2024-10-29,386.59,PAID,0,0
P0323,C010,Customer 10,M016,Merchant P,2024-04-24,93.55,PAID,0,0
P0324,C047,Customer 47,M005,Merchant E,2024-12-14,386.53,PAID,0,0
P0325,C030,Customer 30,M011,Merchant K,2024-07-02,462.68,PAID,0,0
P0326,C004,Customer 4,M013,Merchant M,2024-01-23,270.49,PAID,0,0
P0327,C005,Customer 5,M020,Merchant T,2024-09-26,155.8,PAID,0,0
P0328,C019,Customer 19,M013,Merchant M,2024-05-18,215.19,PAID,0,0
P0329,C019,Customer 19,M013,Merchant M,2024-10-24,172.97,PAID,1,0
P0330,C018,Customer 18,M006,Merchant F,2024-10-01,336.98,PAID,0,0
P0331,C015,Customer 15,M008,Merchant H,2024-03-05,300.46,PAID,0,0
P0332,C034,Customer 34,M018,Merchant R,2024-03-15,361.09,PAID,0,0
P0333,C016,Customer 16,M008,Merchant H,2024-07-20,280.86,PAID,0,0
P0334,C007,Customer 7,M001,Merchant A,2024-07-22,83.6,PAID,0,0
P0335,C036,Customer 36,M009,Merchant I,2024-04-25,434.62,PAID,0,0
P0336,C040,Customer 40,M019,Merchant S,2024-03-01,300.54,PAID,0,0
P0337,C017,Customer 17,M011,Merchant K,2024-04-23,377.9,PAID,0,0
P0338,C037,Customer 37,M011,Merchant K,2024-11-23,354.1,PAID,1,0
P0339,C030,Customer 30,M002,Merchant B,2024-03-03,93.78,PAID,0,0
P0340,C021,Customer 21,M008,Merchant H,2024-02-21,206.92,FAILED,0,1
P0341,C010,Customer 10,M008,Merchant H,2024-04-12,477.99,PAID,0,0
P0342,C009,Customer 9,M020,Merchant T,2024-02-19,172.23,PAID,0,0
P0343,C005,Customer 5,M002,Merchant B,2024-12-09,245.09,PAID,0,0
P0344,C033,Customer 33,M013,Merchant M,2024-11-09,315.41,PAID,0,0
P0345,C010,Customer 10,M011,Merchant K,2024-10-05,384.03,PAID,0,0
P0346,C027,Customer 27,M007,Merchant G,2024-01-19,427.93,PAID,0,0
P0347,C010,Customer 10,M011,Merchant K,2024-02-03,176.06,PAID,0,0
P0348,C046,Customer 46,M020,Merchant T,2024-07-10,56.96,PAID,0,0
P0349,C009,Customer 9,M017,Merchant Q,2024-10-15,110.82,PAID,0,0
P0350,C025,Customer 25,M002,Merchant B,2024-03-09,297.6,FAILED,0,1
P0351,C021,Customer 21,M018,Merchant R,2024-08-18,92.42,PAID,0,0
P0352,C046,Customer 46,M016,Merchant P,2024-12-17,484.62,PAID,0,0
P0353,C036,Customer 36,M020,Merchant T,2024-07-16,298.71,PAID,0,0
P0354,C011,Customer 11,M018,Merchant R,2024-12-11,97.36,PAID,0,0
P0355,C011,Customer 11,M004,Merchant D,2024-04-08,351.31,PAID,0,0
P0356,C019,Customer 19,M008,Merchant H,2024-11-24,160.57,PAID,0,0
P0357,C021,Customer 21,M011,Merchant K,2024-03-25,352.45,PAID,0,0
P0358,C011,Customer 11,M007,Merchant G,2024-08-01,186.29,PAID,0,0
P0359,C034,Customer 34,M009,Merchant I,2024-09-03,130.94,PAID,0,0
P0360,C031,Customer 31,M015,Merchant O,2024-03-04,437.4,PAID,0,0
P0361,C025,Customer 25,M011,Merchant K,2024-08-26,83.1,PAID,0,0
P0362,C024,Customer 24,M014,Merchant N,2024-11-06,76.57,PAID,0,0
P0363,C039,Customer 39,M009,Merchant I,2024-12-09,358.72,PAID,0,0
P0364,C025,Customer 25,M020,Merchant T,2024-11-08,388.39,PAID,0,0
P0365,C037,Customer 37,M005,Merchant E,2024-06-15,111.36,PAID,0,0
P0366,C049,Customer 49,M010,Merchant J,2024-07-07,139.88,PAID,0,0
P0367,C021,Customer 21,M008,Merchant H,2024-01-07,488.78,PAID,0,0
P0368,C034,Customer 34,M008,Merchant H,2024-12-29,460.48,PAID,0,0
P0369,C041,Customer 41,M003,Merchant C,2024-05-15,214.79,PAID,0,0
P0370,C008,Customer 8,M001,Merchant A,2024-06-21,85.59,PAID,0,0
P0371,C026,Customer 26,M019,Merchant S,2024-01-10,144.66,FAILED,0,1
P0372,C039,Customer 39,M002,Merchant B,2024-04-23,388.55,PAID,0,0
P0373,C036,Customer 36,M017,Merchant Q,2024-01-29,250.14,PAID,0,0
P0374,C011,Customer 11,M016,Merchant P,2024-07-19,241.07,PAID,1,0
P0375,C037,Customer 37,M003,Merchant C,2024-03-06,489.89,PAID,0,0
P0376,C036,Customer 36,M003,Merchant C,2024-06-06,356.95,PAID,0,0
P0377,C041,Customer 41,M018,Merchant R,2024-01-06,290.6,PAID,0,0
P0378,C027,Customer 27,M012,Merchant L,2024-02-29,287.94,PAID,1,0
P0379,C049,Customer 49,M012,Merchant L,2024-03-06,264.51,PAID,0,0
P0380,C049,Customer 49,M006,Merchant F,2024-04-07,378.86,PAID,0,0
P0381,C026,Customer 26,M007,Merchant G,2024-07-19,175.41,PAID,0,0
P0382,C015,Customer 15,M003,Merchant C,2024-12-26,140.35,PAID,0,0
P0383,C025,Customer 25,M002,Merchant B,2024-01-18,82.87,PAID,0,0
P0384,C048,Customer 48,M003,Merchant C,2024-06-18,195.48,PAID,0,0
P0385,C042,Customer 42,M020,Merchant T,2024-01-21,80.14,PAID,0,0
P0386,C009,Customer 9,M004,Merchant D,2024-01-12,112.56,PAID,0,0
P0387,C005,Customer 5,M005,Merchant E,2024-12-18,444.21,PAID,0,0
P0388,C016,Customer 16,M020,Merchant T,2024-09-23,128.6,PAID,0,0
P0389,C044,Customer 44,M012,Merchant L,2024-08-10,150.64,PAID,1,0
P0390,C003,Customer 3,M006,Merchant F,2024-11-06,394.23,FAILED,0,1
P0391,C016,Customer 16,M012,Merchant L,2024-07-13,227.23,PAID,0,0
P0392,C014,Customer 14,M011,Merchant K,2024-05-11,259.12,PAID,0,0
P0393,C016,Customer 16,M016,Merchant P,2024-11-17,283.65,PAID,0,0
P0394,C006,Customer 6,M007,Merchant G,2024-11-09,329.89,PAID,0,0
P0395,C037,Customer 37,M003,Merchant C,2024-10-19,162.45,PAID,0,0
P0396,C035,Customer 35,M018,Merchant R,2024-09-24,79.7,PAID,0,0
P0397,C012,Customer 12,M008,Merchant H,2024-07-30,269.2,PAID,0,0
P0398,C001,Customer 1,M008,Merchant H,2024-12-08,434.62,PAID,0,0
P0399,C029,Customer 29,M015,Merchant O,2024-08-04,271.13,PAID,0,0
P0400,C046,Customer 46,M014,Merchant N,2024-11-01,139.74,PAID,0,0
P0401,C015,Customer 15,M015,Merchant O,2024-06-09,400.49,PAID,1,0
P0402,C049,Customer 49,M013,Merchant M,2024-06-10,148.98,PAID,0,0
P0403,C048,Customer 48,M005,Merchant E,2024-01-19,255.48,PAID,0,0
P0404,C035,Customer 35,M014,Merchant N,2024-07-24,440.92,FAILED,0,1
P0405,C037,Customer 37,M018,Merchant R,2024-01-26,171.65,PAID,1,0
P0406,C028,Customer 28,M008,Merchant H,2024-06-04,256.87,PAID,0,0
P0407,C020,Customer 20,M009,Merchant I,2024-07-27,479.57,PAID,0,0
P0408,C015,Customer 15,M018,Merchant R,2024-01-30,487.91,PAID,0,0
P0409,C022,Customer 22,M019,Merchant S,2024-05-23,190.01,FAILED,0,1
P0410,C012,Customer 12,M005,Merchant E,2024-10-30,243.38,PAID,0,0
P0411,C029,Customer 29,M008,Merchant H,2024-04-27,135.07,PAID,0,0
P0412,C013,Customer 13,M009,Merchant I,2024-03-14,418.37,PAID,0,0
P0413,C048,Customer 48,M007,Merchant G,2024-09-23,84.78,PAID,0,0
P0414,C006,Customer 6,M014,Merchant N,2024-11-09,252.02,PAID,0,0
P0415,C045,Customer 45,M018,Merchant R,2024-06-23,468.49,FAILED,0,1
P0416,C048,Customer 48,M016,Merchant P,2024-03-16,469.29,PAID,0,0
P0417,C007,Customer 7,M001,Merchant A,2024-08-08,62.3,PAID,0,0
P0418,C020,Customer 20,M017,Merchant Q,2024-10-10,301.11,PAID,0,0
P0419,C023,Customer 23,M005,Merchant E,2024-09-18,65.35,FAILED,0,1
P0420,C020,Customer 20,M011,Merchant K,2024-02-29,242.31,PAID,0,0
P0421,C011,Customer 11,M003,Merchant C,2024-11-02,60.07,PAID,0,0
P0422,C011,Customer 11,M011,Merchant K,2024-11-20,103.68,PAID,0,0
P0423,C015,Customer 15,M020,Merchant T,2024-05-02,292.19,FAILED,0,1
P0424,C037,Customer 37,M015,Merchant O,2024-04-12,485.51,PAID,0,0
P0425,C030,Customer 30,M018,Merchant R,2024-08-19,465.67,PAID,0,0
P0426,C012,Customer 12,M020,Merchant T,2024-07-03,58.65,PAID,0,0
P0427,C003,Customer 3,M001,Merchant A,2024-01-31,230.5,PAID,0,0
P0428,C006,Customer 6,M011,Merchant K,2024-02-07,391.62,PAID,0,0
P0429,C021,Customer 21,M008,Merchant H,2024-05-06,191.17,PAID,0,0
P0430,C008,Customer 8,M005,Merchant E,2024-04-11,272.5,FAILED,0,1
P0431,C033,Customer 33,M006,Merchant F,2024-02-09,163.47,PAID,0,0
P0432,C023,Customer 23,M003,Merchant C,2024-10-30,281.84,PAID,1,0
P0433,C020,Customer 20,M004,Merchant D,2024-02-27,174.87,PAID,0,0
P0434,C044,Customer 44,M002,Merchant B,2024-07-16,118.36,PAID,0,0
P0435,C041,Customer 41,M008,Merchant H,2024-12-09,440.17,PAID,0,0
P0436,C012,Customer 12,M003,Merchant C,2024-10-21,156.18,PAID,0,0
P0437,C008,Customer 8,M012,Merchant L,2024-07-12,469.57,PAID,0,0
P0438,C033,Customer 33,M014,Merchant N,2024-12-04,142.78,PAID,0,0
P0439,C008,Customer 8,M019,Merchant S,2024-04-18,242.46,PAID,0,0
P0440,C011,Customer 11,M020,Merchant T,2024-11-16,480.46,PAID,0,0
P0441,C002,Customer 2,M019,Merchant S,2024-01-09,111.31,PAID,0,0
P0442,C031,Customer 31,M018,Merchant R,2024-08-20,184.0,PAID,0,0
P0443,C019,Customer 19,M007,Merchant G,2024-04-12,421.51,PAID,0,0
P0444,C020,Customer 20,M014,Merchant N,2024-02-20,181.53,PAID,0,0
P0445,C008,Customer 8,M002,Merchant B,2024-09-13,85.69,PAID,0,0
P0446,C041,Customer 41,M008,Merchant H,2024-07-05,422.87,FAILED,1,1
P0447,C031,Customer 31,M010,Merchant J,2024-07-11,222.71,PAID,0,0
P0448,C019,Customer 19,M009,Merchant I,2024-03-26,95.54,FAILED,0,1
P0449,C049,Customer 49,M017,Merchant Q,2024-09-07,92.89,PAID,0,0
P0450,C049,Customer 49,M018,Merchant R,2024-09-23,401.48,PAID,0,0
P0451,C027,Customer 27,M018,Merchant R,2024-08-02,290.86,PAID,0,0
P0452,C028,Customer 28,M010,Merchant J,2024-09-15,320.17,PAID,0,0
P0453,C050,Customer 50,M011,Merchant K,2024-01-07,236.56,PAID,0,0
P0454,C044,Customer 44,M019,Merchant S,2024-06-30,143.98,PAID,1,0
P0455,C017,Customer 17,M003,Merchant C,2024-03-30,398.37,PAID,0,0
P0456,C017,Customer 17,M016,Merchant P,2024-09-05,400.36,PAID,0,0
P0457,C033,Customer 33,M015,Merchant O,2024-11-15,481.01,PAID,0,0
P0458,C001,Customer 1,M018,Merchant R,2024-03-24,272.08,PAID,0,0
P0459,C027,Customer 27,M017,Merchant Q,2024-11-18,404.35,PAID,0,0
P0460,C045,Customer 45,M012,Merchant L,2024-02-15,282.28,PAID,0,0
P0461,C019,Customer 19,M001,Merchant A,2024-05-18,74.21,PAID,0,0
P0462,C037,Customer 37,M001,Merchant A,2024-03-01,189.92,PAID,0,0
P0463,C034,Customer 34,M004,Merchant D,2024-04-18,283.36,FAILED,0,1
P0464,C025,Customer 25,M007,Merchant G,2024-09-28,101.05,PAID,0,0
P0465,C037,Customer 37,M020,Merchant T,2024-02-13,91.2,PAID,0,0
P0466,C048,Customer 48,M017,Merchant Q,2024-02-20,380.1,PAID,0,0
P0467,C019,Customer 19,M009,Merchant I,2024-10-17,487.29,PAID,0,0
P0468,C042,Customer 42,M003,Merchant C,2024-06-24,240.07,PAID,0,0
P0469,C021,Customer 21,M008,Merchant H,2024-09-02,312.8,PAID,0,0
P0470,C045,Customer 45,M010,Merchant J,2024-08-24,112.27,PAID,0,0
P0471,C040,Customer 40,M017,Merchant Q,2024-04-22,208.08,PAID,0,0
P0472,C023,Customer 23,M020,Merchant T,2024-09-08,59.94,PAID,0,0
P0473,C013,Customer 13,M015,Merchant O,2024-04-09,425.45,PAID,0,0
P0474,C018,Customer 18,M006,Merchant F,2024-04-03,189.02,PAID,0,0
P0475,C001,Customer 1,M017,Merchant Q,2024-04-28,129.24,PAID,0,0
P0476,C008,Customer 8,M011,Merchant K,2024-02-09,362.51,PAID,0,0
P0477,C041,Customer 41,M002,Merchant B,2024-05-09,451.22,PAID,0,0
P0478,C028,Customer 28,M013,Merchant M,2024-05-18,381.81,PAID,0,0
P0479,C031,Customer 31,M011,Merchant K,2024-06-20,151.62,PAID,0,0
P0480,C024,Customer 24,M003,Merchant C,2024-01-21,391.53,PAID,0,0
P0481,C009,Customer 9,M009,Merchant I,2024-12-22,356.09,PAID,0,0
P0482,C038,Customer 38,M006,Merchant F,2024-09-29,267.99,PAID,1,0
P0483,C034,Customer 34,M007,Merchant G,2024-09-02,253.6,PAID,0,0
P0484,C030,Customer 30,M008,Merchant H,2024-09-08,374.06,PAID,0,0
P0485,C015,Customer 15,M001,Merchant A,2024-10-14,91.64,PAID,0,0
P0486,C030,Customer 30,M003,Merchant C,2024-08-21,102.8,FAILED,0,1
P0487,C002,Customer 2,M017,Merchant Q,2024-03-04,214.64,PAID,0,0
P0488,C010,Customer 10,M018,Merchant R,2024-02-04,244.38,PAID,0,0
P0489,C039,Customer 39,M017,Merchant Q,2024-09-13,79.26,PAID,0,0
P0490,C004,Customer 4,M017,Merchant Q,2024-10-24,360.36,FAILED,0,1
P0491,C035,Customer 35,M016,Merchant P,2024-04-14,172.98,PAID,0,0
P0492,C028,Customer 28,M001,Merchant A,2024-11-30,143.41,PAID,0,0
P0493,C041,Customer 41,M010,Merchant J,2024-05-12,368.44,PAID,0,0
P0494,C039,Customer 39,M006,Merchant F,2024-01-18,90.41,PAID,1,0
P0495,C045,Customer 45,M006,Merchant F,2024-10-11,386.18,FAILED,0,1
P0496,C012,Customer 12,M020,Merchant T,2024-11-19,378.9,PAID,0,0
P0497,C047,Customer 47,M006,Merchant F,2024-08-25,407.82,PAID,0,0
P0498,C031,Customer 31,M010,Merchant J,2024-03-19,389.78,PAID,0,0
P0499,C008,Customer 8,M008,Merchant H,2024-01-31,369.56,PAID,0,0
P0500,C020,Customer 20,M004,Merchant D,2024-03-31,69.04,PAID,0,0
P0501,C034,Customer 34,M007,Merchant G,2024-06-13,458.0,PAID,0,0
P0502,C003,Customer 3,M013,Merchant M,2024-01-17,218.63,PAID,0,0
P0503,C042,Customer 42,M009,Merchant I,2024-12-01,156.03,PAID,0,0
P0504,C012,Customer 12,M016,Merchant P,2024-08-27,221.49,FAILED,0,1
P0505,C037,Customer 37,M009,Merchant I,2024-03-21,73.48,PAID,0,0
P0506,C026,Customer 26,M005,Merchant E,2024-04-28,340.42,PAID,0,0
P0507,C016,Customer 16,M002,Merchant B,2024-08-05,178.68,PAID,0,0
P0508,C028,Customer 28,M015,Merchant O,2024-06-21,452.78,FAILED,0,1
P0509,C031,Customer 31,M004,Merchant D,2024-02-06,488.27,PAID,0,0
P0510,C007,Customer 7,M002,Merchant B,2024-01-04,141.68,PAID,0,0
P0511,C001,Customer 1,M016,Merchant P,2024-02-27,163.52,PAID,0,0
P0512,C048,Customer 48,M008,Merchant H,2024-04-30,139.9,PAID,0,0
P0513,C020,Customer 20,M006,Merchant F,2024-07-22,238.51,PAID,0,0
P0514,C040,Customer 40,M013,Merchant M,2024-08-22,341.5,PAID,0,0
P0515,C011,Customer 11,M003,Merchant C,2024-09-01,311.26,PAID,1,0
P0516,C010,Customer 10,M015,Merchant O,2024-04-27,345.68,PAID,0,0
P0517,C034,Customer 34,M009,Merchant I,2024-08-06,189.07,PAID,0,0
P0518,C038,Customer 38,M007,Merchant G,2024-06-27,465.58,PAID,0,0
P0519,C001,Customer 1,M009,Merchant I,2024-12-16,474.26,PAID,0,0
P0520,C048,Customer 48,M017,Merchant Q,2024-12-02,142.52,PAID,0,0
P0521,C032,Customer 32,M010,Merchant J,2024-01-24,204.54,PAID,1,0
P0522,C011,Customer 11,M005,Merchant E,2024-05-28,409.92,PAID,0,0
P0523,C042,Customer 42,M013,Merchant M,2024-05-26,299.76,PAID,0,0
P0524,C048,Customer 48,M018,Merchant R,2024-12-24,177.02,PAID,0,0
P0525,C011,Customer 11,M010,Merchant J,2024-05-27,290.12,PAID,0,0
P0526,C008,Customer 8,M012,Merchant L,2024-04-06,175.18,PAID,0,0
P0527,C046,Customer 46,M002,Merchant B,2024-04-17,277.42,PAID,0,0
P0528,C040,Customer 40,M007,Merchant G,2024-04-19,481.96,PAID,0,0
P0529,C003,Customer 3,M014,Merchant N,2024-02-26,170.28,PAID,0,0
P0530,C001,Customer 1,M014,Merchant N,2024-09-22,151.5,FAILED,0,1
P0531,C038,Customer 38,M006,Merchant F,2024-12-19,232.0,PAID,0,0
P0532,C010,Customer 10,M018,Merchant R,2024-04-23,381.74,PAID,0,0
P0533,C050,Customer 50,M017,Merchant Q,2024-10-21,226.45,PAID,0,0
P0534,C026,Customer 26,M011,Merchant K,2024-06-22,154.08,PAID,0,0
P0535,C012,Customer 12,M008,Merchant H,2024-04-11,84.83,PAID,0,0
P0536,C014,Customer 14,M005,Merchant E,2024-01-07,76.63,PAID,0,0
P0537,C004,Customer 4,M005,Merchant E,2024-09-08,211.77,PAID,0,0
P0538,C043,Customer 43,M018,Merchant R,2024-08-06,424.89,FAILED,0,1
P0539,C018,Customer 18,M014,Merchant N,2024-02-24,175.84,PAID,0,0
P0540,C024,Customer 24,M004,Merchant D,2024-03-25,309.55,PAID,0,0
P0541,C006,Customer 6,M001,Merchant A,2024-12-09,287.69,PAID,0,0
P0542,C015,Customer 15,M010,Merchant J,2024-01-31,292.66,FAILED,0,1
P0543,C010,Customer 10,M005,Merchant E,2024-05-17,149.84,PAID,0,0
P0544,C034,Customer 34,M009,Merchant I,2024-11-12,220.44,PAID,0,0
P0545,C016,Customer 16,M006,Merchant F,2024-09-12,496.15,FAILED,0,1
P0546,C023,Customer 23,M001,Merchant A,2024-01-07,239.48,PAID,0,0
P0547,C042,Customer 42,M012,Merchant L,2024-12-15,460.45,FAILED,0,1
P0548,C010,Customer 10,M013,Merchant M,2024-12-15,201.87,PAID,0,0
P0549,C043,Customer 43,M002,Merchant B,2024-08-02,374.81,PAID,0,0
P0550,C025,Customer 25,M007,Merchant G,2024-02-13,405.12,PAID,0,0
P0551,C036,Customer 36,M009,Merchant I,2024-09-21,413.36,PAID,0,0
P0552,C002,Customer 2,M016,Merchant P,2024-02-28,447.81,PAID,0,0
P0553,C010,Customer 10,M008,Merchant H,2024-07-01,298.39,PAID,0,0
P0554,C039,Customer 39,M004,Merchant D,2024-10-19,381.7,PAID,0,0
P0555,C042,Customer 42,M017,Merchant Q,2024-10-24,184.25,PAID,0,0
P0556,C023,Customer 23,M012,Merchant L,2024-05-17,348.95,PAID,0,0
P0557,C022,Customer 22,M018,Merchant R,2024-08-01,174.34,PAID,0,0
P0558,C003,Customer 3,M006,Merchant F,2024-06-08,74.23,PAID,0,0
P0559,C025,Customer 25,M006,Merchant F,2024-05-31,281.75,PAID,0,0
P0560,C002,Customer 2,M010,Merchant J,2024-08-11,411.93,PAID,0,0
P0561,C007,Customer 7,M002,Merchant B,2024-12-19,350.73,PAID,0,0
P0562,C024,Customer 24,M012,Merchant L,2024-07-23,348.97,PAID,0,0
P0563,C042,Customer 42,M017,Merchant Q,2024-10-02,231.35,PAID,0,0
P0564,C017,Customer 17,M004,Merchant D,2024-10-11,416.81,PAID,0,0
P0565,C044,Customer 44,M007,Merchant G,2024-06-15,319.46,PAID,0,0
P0566,C025,Customer 25,M017,Merchant Q,2024-11-30,244.56,PAID,0,0
P0567,C040,Customer 40,M010,Merchant J,2024-05-25,265.47,FAILED,0,1
P0568,C041,Customer 41,M019,Merchant S,2024-02-14,297.66,PAID,0,0
P0569,C048,Customer 48,M001,Merchant A,2024-04-12,414.11,PAID,0,0
P0570,C029,Customer 29,M003,Merchant C,2024-05-23,167.28,PAID,0,0
P0571,C024,Customer 24,M001,Merchant A,2024-12-29,308.07,PAID,0,0
P0572,C019,Customer 19,M006,Merchant F,2024-07-04,142.94,PAID,0,0
P0573,C006,Customer 6,M015,Merchant O,2024-03-09,322.35,PAID,0,0
P0574,C025,Customer 25,M019,Merchant S,2024-11-04,460.36,PAID,0,0
P0575,C017,Customer 17,M001,Merchant A,2024-03-04,186.51,PAID,0,0
P0576,C038,Customer 38,M003,Merchant C,2024-06-21,52.02,PAID,1,0
P0577,C031,Customer 31,M013,Merchant M,2024-11-12,138.95,PAID,0,0
P0578,C040,Customer 40,M016,Merchant P,2024-10-24,216.76,PAID,0,0
P0579,C027,Customer 27,M010,Merchant J,2024-09-04,185.54,PAID,1,0
P0580,C011,Customer 11,M020,Merchant T,2024-11-09,352.25,PAID,0,0
P0581,C005,Customer 5,M003,Merchant C,2024-11-02,253.89,PAID,0,0
P0582,C034,Customer 34,M002,Merchant B,2024-05-01,342.91,PAID,0,0
P0583,C019,Customer 19,M012,Merchant L,2024-02-16,382.67,PAID,0,0
P0584,C044,Customer 44,M003,Merchant C,2024-01-12,286.48,PAID,0,0
P0585,C046,Customer 46,M005,Merchant E,2024-06-17,287.58,PAID,0,0
P0586,C034,Customer 34,M005,Merchant E,2024-09-13,303.82,PAID,0,0
P0587,C037,Customer 37,M016,Merchant P,2024-01-11,105.16,PAID,0,0
P0588,C005,Customer 5,M004,Merchant D,2024-02-20,474.26,PAID,0,0
P0589,C015,Customer 15,M020,Merchant T,2024-08-25,489.52,PAID,0,0
P0590,C023,Customer 23,M008,Merchant H,2024-11-28,58.8,PAID,0,0
P0591,C014,Customer 14,M002,Merchant B,2024-10-31,177.25,PAID,0,0
P0592,C031,Customer 31,M013,Merchant M,2024-10-04,470.92,PAID,0,0
P0593,C045,Customer 45,M003,Merchant C,2024-08-14,152.11,PAID,0,0
P0594,C017,Customer 17,M011,Merchant K,2024-08-19,296.29,PAID,0,0
P0595,C027,Customer 27,M001,Merchant A,2024-07-10,114.14,PAID,0,0
P0596,C007,Customer 7,M006,Merchant F,2024-03-12,480.93,PAID,0,0
P0597,C020,Customer 20,M017,Merchant Q,2024-08-09,273.42,PAID,0,0
P0598,C004,Customer 4,M020,Merchant T,2024-06-15,229.8,PAID,0,0
P0599,C006,Customer 6,M008,Merchant H,2024-01-10,204.94,PAID,0,0
P0600,C050,Customer 50,M001,Merchant A,2024-09-18,324.73,PAID,0,0
P0601,C042,Customer 42,M002,Merchant B,2024-09-13,165.58,PAID,0,0
P0602,C008,Customer 8,M013,Merchant M,2024-08-26,196.35,FAILED,0,1
P0603,C005,Customer 5,M004,Merchant D,2024-06-18,173.71,PAID,0,0
P0604,C030,Customer 30,M006,Merchant F,2024-10-06,292.57,PAID,0,0
P0605,C022,Customer 22,M012,Merchant L,2024-02-29,98.44,PAID,0,0
P0606,C011,Customer 11,M004,Merchant D,2024-02-07,103.53,PAID,0,0
P0607,C036,Customer 36,M016,Merchant P,2024-10-30,357.97,PAID,0,0
P0608,C002,Customer 2,M015,Merchant O,2024-01-20,147.4,PAID,0,0
P0609,C004,Customer 4,M007,Merchant G,2024-08-20,302.04,PAID,0,0
P0610,C028,Customer 28,M010,Merchant J,2024-06-11,213.17,PAID,0,0
P0611,C022,Customer 22,M001,Merchant A,2024-03-12,474.9,PAID,0,0
P0612,C034,Customer 34,M010,Merchant J,2024-03-15,101.66,PAID,0,0
P0613,C043,Customer 43,M008,Merchant H,2024-03-03,252.06,PAID,0,0
P0614,C014,Customer 14,M017,Merchant Q,2024-03-17,498.6,FAILED,0,1
P0615,C003,Customer 3,M018,Merchant R,2024-03-06,276.08,PAID,0,0
P0616,C050,Customer 50,M019,Merchant S,2024-06-26,373.35,FAILED,0,1
P0617,C022,Customer 22,M018,Merchant R,2024-10-29,490.42,PAID,0,0
P0618,C040,Customer 40,M020,Merchant T,2024-03-21,150.61,PAID,0,0
P0619,C035,Customer 35,M005,Merchant E,2024-01-16,196.84,PAID,0,0
P0620,C031,Customer 31,M002,Merchant B,2024-11-01,215.45,PAID,0,0
P0621,C009,Customer 9,M008,Merchant H,2024-01-05,389.23,PAID,0,0
P0622,C023,Customer 23,M015,Merchant O,2024-08-08,251.02,PAID,0,0
P0623,C039,Customer 39,M002,Merchant B,2024-03-20,297.03,FAILED,0,1
P0624,C020,Customer 20,M012,Merchant L,2024-12-25,189.84,PAID,0,0
P0625,C029,Customer 29,M011,Merchant K,2024-05-12,90.37,PAID,0,0
P0626,C022,Customer 22,M012,Merchant L,2024-01-05,402.22,PAID,0,0
P0627,C046,Customer 46,M014,Merchant N,2024-01-24,396.48,PAID,0,0
P0628,C031,Customer 31,M014,Merchant N,2024-09-07,143.07,PAID,0,0
P0629,C004,Customer 4,M002,Merchant B,2024-05-26,310.74,PAID,0,0
P0630,C018,Customer 18,M006,Merchant F,2024-03-12,298.49,PAID,0,0
P0631,C001,Customer 1,M013,Merchant M,2024-12-08,247.32,PAID,1,0
P0632,C039,Customer 39,M014,Merchant N,2024-10-13,90.72,PAID,0,0
P0633,C016,Customer 16,M019,Merchant S,2024-04-09,253.81,PAID,0,0
P0634,C012,Customer 12,M003,Merchant C,2024-12-09,389.7,PAID,0,0
P0635,C049,Customer 49,M011,Merchant K,2024-05-01,295.76,PAID,0,0
P0636,C020,Customer 20,M004,Merchant D,2024-05-02,338.16,PAID,0,0
P0637,C023,Customer 23,M002,Merchant B,2024-07-14,457.03,PAID,0,0
P0638,C026,Customer 26,M018,Merchant R,2024-01-06,349.46,PAID,0,0
P0639,C047,Customer 47,M002,Merchant B,2024-12-16,61.46,PAID,0,0
P0640,C003,Customer 3,M002,Merchant B,2024-12-03,225.37,PAID,0,0
P0641,C005,Customer 5,M014,Merchant N,2024-08-02,135.39,PAID,0,0
P0642,C017,Customer 17,M006,Merchant F,2024-12-09,154.5,PAID,0,0
P0643,C013,Customer 13,M015,Merchant O,2024-04-30,351.41,PAID,0,0
P0644,C049,Customer 49,M015,Merchant O,2024-07-05,166.79,PAID,0,0
P0645,C040,Customer 40,M014,Merchant N,2024-07-11,462.95,PAID,1,0
P0646,C004,Customer 4,M019,Merchant S,2024-11-09,295.95,PAID,0,0
P0647,C006,Customer 6,M014,Merchant N,2024-02-09,163.15,PAID,0,0
P0648,C028,Customer 28,M008,Merchant H,2024-12-10,494.71,PAID,0,0
P0649,C006,Customer 6,M013,Merchant M,2024-05-31,389.77,PAID,0,0
P0650,C008,Customer 8,M001,Merchant A,2024-10-10,72.26,PAID,0,0
P0651,C029,Customer 29,M017,Merchant Q,2024-10-13,416.9,PAID,1,0
P0652,C050,Customer 50,M012,Merchant L,2024-10-27,211.33,PAID,1,0
P0653,C011,Customer 11,M009,Merchant I,2024-11-05,340.9,PAID,0,0
P0654,C024,Customer 24,M020,Merchant T,2024-10-20,354.63,PAID,0,0
P0655,C003,Customer 3,M019,Merchant S,2024-05-06,291.51,PAID,0,0
P0656,C009,Customer 9,M001,Merchant A,2024-04-16,66.73,PAID,0,0
P0657,C048,Customer 48,M017,Merchant Q,2024-11-29,447.42,PAID,0,0
P0658,C036,Customer 36,M014,Merchant N,2024-06-21,206.7,PAID,0,0
P0659,C017,Customer 17,M010,Merchant J,2024-03-18,182.57,PAID,0,0
P0660,C002,Customer 2,M019,Merchant S,2024-06-05,315.0,PAID,0,0
P0661,C008,Customer 8,M020,Merchant T,2024-11-25,436.94,PAID,0,0
P0662,C030,Customer 30,M012,Merchant L,2024-10-29,245.15,FAILED,0,1
P0663,C020,Customer 20,M013,Merchant M,2024-04-27,456.99,PAID,0,0
P0664,C042,Customer 42,M019,Merchant S,2024-12-13,473.56,PAID,0,0
P0665,C032,Customer 32,M009,Merchant I,2024-01-30,247.91,PAID,0,0
P0666,C036,Customer 36,M020,Merchant T,2024-06-01,219.3,PAID,0,0
P0667,C036,Customer 36,M013,Merchant M,2024-10-13,487.84,PAID,0,0
P0668,C024,Customer 24,M009,Merchant I,2024-09-03,276.85,PAID,0,0
P0669,C031,Customer 31,M013,Merchant M,2024-05-28,289.01,PAID,0,0
P0670,C032,Customer 32,M008,Merchant H,2024-05-03,152.64,PAID,0,0
P0671,C048,Customer 48,M013,Merchant M,2024-09-20,198.3,PAID,0,0
P0672,C021,Customer 21,M001,Merchant A,2024-09-01,386.11,PAID,0,0
P0673,C019,Customer 19,M006,Merchant F,2024-04-01,403.71,PAID,0,0
P0674,C048,Customer 48,M002,Merchant B,2024-09-19,83.25,PAID,0,0
P0675,C029,Customer 29,M001,Merchant A,2024-05-19,95.12,PAID,0,0
P0676,C049,Customer 49,M006,Merchant F,2024-08-08,436.88,PAID,0,0
P0677,C030,Customer 30,M001,Merchant A,2024-08-22,223.79,PAID,0,0
P0678,C009,Customer 9,M020,Merchant T,2024-01-28,285.63,FAILED,0,1
P0679,C040,Customer 40,M014,Merchant N,2024-04-17,370.94,PAID,0,0
P0680,C032,Customer 32,M013,Merchant M,2024-09-22,309.91,PAID,0,0
P0681,C040,Customer 40,M009,Merchant I,2024-05-21,201.49,PAID,0,0
P0682,C019,Customer 19,M010,Merchant J,2024-01-21,360.74,PAID,0,0
P0683,C046,Customer 46,M005,Merchant E,2024-12-04,108.37,PAID,0,0
P0684,C011,Customer 11,M012,Merchant L,2024-12-16,466.82,PAID,0,0
P0685,C045,Customer 45,M019,Merchant S,2024-09-13,122.23,PAID,0,0
P0686,C001,Customer 1,M003,Merchant C,2024-09-12,130.96,PAID,0,0
P0687,C021,Customer 21,M014,Merchant N,2024-04-22,292.17,PAID,0,0
P0688,C031,Customer 31,M015,Merchant O,2024-11-12,286.63,PAID,0,0
P0689,C046,Customer 46,M014,Merchant N,2024-03-09,358.23,PAID,0,0
P0690,C029,Customer 29,M009,Merchant I,2024-06-16,262.27,PAID,0,0
P0691,C014,Customer 14,M019,Merchant S,2024-09-15,134.98,PAID,0,0
P0692,C004,Customer 4,M014,Merchant N,2024-08-26,366.1,PAID,0,0
P0693,C013,Customer 13,M001,Merchant A,2024-08-01,298.32,PAID,0,0
P0694,C018,Customer 18,M015,Merchant O,2024-04-08,113.17,PAID,0,0
P0695,C035,Customer 35,M010,Merchant J,2024-08-06,190.37,FAILED,0,1
P0696,C050,Customer 50,M016,Merchant P,2024-04-04,345.89,PAID,0,0
P0697,C048,Customer 48,M020,Merchant T,2024-03-17,76.87,PAID,0,0
P0698,C041,Customer 41,M002,Merchant B,2024-02-13,295.59,PAID,0,0
P0699,C019,Customer 19,M003,Merchant C,2024-03-18,498.92,PAID,0,0
P0700,C028,Customer 28,M020,Merchant T,2024-04-29,305.71,PAID,0,0
P0701,C010,Customer 10,M008,Merchant H,2024-03-08,160.74,PAID,0,0
P0702,C006,Customer 6,M013,Merchant M,2024-12-25,108.52,PAID,0,0
P0703,C016,Customer 16,M011,Merchant K,2024-01-10,83.49,PAID,0,0
P0704,C048,Customer 48,M011,Merchant K,2024-05-24,466.92,PAID,0,0
P0705,C048,Customer 48,M003,Merchant C,2024-08-13,387.37,PAID,0,0
P0706,C025,Customer 25,M004,Merchant D,2024-06-11,461.69,PAID,0,0
P0707,C031,Customer 31,M008,Merchant H,2024-10-15,444.82,PAID,0,0
P0708,C013,Customer 13,M009,Merchant I,2024-04-29,453.84,PAID,0,0
P0709,C001,Customer 1,M010,Merchant J,2024-07-24,191.21,PAID,0,0
P0710,C017,Customer 17,M003,Merchant C,2024-05-01,461.5,PAID,0,0
P0711,C048,Customer 48,M009,Merchant I,2024-07-05,342.35,PAID,0,0
P0712,C027,Customer 27,M013,Merchant M,2024-04-29,56.41,FAILED,0,1
P0713,C044,Customer 44,M020,Merchant T,2024-02-19,123.36,PAID,0,0
P0714,C015,Customer 15,M008,Merchant H,2024-09-14,112.9,PAID,0,0
P0715,C018,Customer 18,M012,Merchant L,2024-07-20,407.76,PAID,0,0
P0716,C027,Customer 27,M008,Merchant H,2024-07-24,340.27,PAID,0,0
P0717,C023,Customer 23,M004,Merchant D,2024-04-04,186.52,PAID,0,0
P0718,C022,Customer 22,M015,Merchant O,2024-06-12,389.2,PAID,0,0
P0719,C004,Customer 4,M014,Merchant N,2024-11-17,446.63,PAID,0,0
P0720,C037,Customer 37,M002,Merchant B,2024-04-04,316.22,FAILED,1,1
P0721,C014,Customer 14,M013,Merchant M,2024-06-14,345.61,PAID,0,0
P0722,C042,Customer 42,M004,Merchant D,2024-02-27,368.72,PAID,0,0
P0723,C036,Customer 36,M015,Merchant O,2024-12-09,413.86,PAID,0,0
P0724,C032,Customer 32,M017,Merchant Q,2024-06-21,391.7,PAID,0,0
P0725,C047,Customer 47,M013,Merchant M,2024-04-20,176.11,PAID,0,0
P0726,C012,Customer 12,M018,Merchant R,2024-05-09,360.54,PAID,0,0
P0727,C030,Customer 30,M011,Merchant K,2024-07-10,176.3,PAID,0,0
P0728,C011,Customer 11,M018,Merchant R,2024-03-30,348.03,PAID,0,0
P0729,C047,Customer 47,M012,Merchant L,2024-02-01,303.02,PAID,0,0
P0730,C031,Customer 31,M007,Merchant G,2024-03-16,316.71,PAID,0,0
P0731,C006,Customer 6,M012,Merchant L,2024-07-30,51.56,PAID,1,0
P0732,C029,Customer 29,M020,Merchant T,2024-03-18,251.74,PAID,0,0
P0733,C033,Customer 33,M007,Merchant G,2024-01-18,342.95,PAID,0,0
P0734,C016,Customer 16,M012,Merchant L,2024-04-30,298.63,FAILED,0,1
P0735,C028,Customer 28,M020,Merchant T,2024-05-18,445.48,PAID,0,0
P0736,C003,Customer 3,M008,Merchant H,2024-07-03,204.0,FAILED,0,1
P0737,C032,Customer 32,M018,Merchant R,2024-06-07,197.84,PAID,0,0
P0738,C048,Customer 48,M018,Merchant R,2024-06-13,400.66,FAILED,0,1
P0739,C016,Customer 16,M005,Merchant E,2024-09-19,203.47,PAID,0,0
P0740,C032,Customer 32,M003,Merchant C,2024-08-12,203.16,PAID,1,0
P0741,C036,Customer 36,M015,Merchant O,2024-09-15,360.03,PAID,0,0
P0742,C016,Customer 16,M013,Merchant M,2024-10-07,214.62,FAILED,0,1
P0743,C018,Customer 18,M008,Merchant H,2024-04-02,87.76,PAID,0,0
P0744,C048,Customer 48,M018,Merchant R,2024-08-22,302.6,PAID,0,0
P0745,C017,Customer 17,M004,Merchant D,2024-06-19,203.07,PAID,0,0
P0746,C009,Customer 9,M001,Merchant A,2024-12-22,155.56,PAID,0,0
P0747,C027,Customer 27,M019,Merchant S,2024-04-30,423.06,PAID,0,0
P0748,C048,Customer 48,M016,Merchant P,2024-12-30,67.3,PAID,0,0
P0749,C034,Customer 34,M011,Merchant K,2024-04-24,386.93,PAID,0,0
P0750,C030,Customer 30,M019,Merchant S,2024-08-31,72.1,PAID,0,0
P0751,C021,Customer 21,M005,Merchant E,2024-05-09,143.0,PAID,0,0
P0752,C003,Customer 3,M008,Merchant H,2024-11-01,494.79,PAID,0,0
P0753,C043,Customer 43,M009,Merchant I,2024-09-19,81.48,FAILED,0,1
P0754,C002,Customer 2,M015,Merchant O,2024-11-24,304.87,PAID,0,0
P0755,C049,Customer 49,M008,Merchant H,2024-01-03,496.73,PAID,0,0
P0756,C043,Customer 43,M019,Merchant S,2024-03-07,296.41,PAID,0,0
P0757,C019,Customer 19,M003,Merchant C,2024-02-12,425.48,PAID,0,0
P0758,C040,Customer 40,M017,Merchant Q,2024-06-10,461.52,PAID,0,0
P0759,C037,Customer 37,M019,Merchant S,2024-04-24,324.84,PAID,0,0
P0760,C014,Customer 14,M002,Merchant B,2024-09-14,116.02,FAILED,0,1
P0761,C014,Customer 14,M005,Merchant E,2024-01-13,161.6,PAID,0,0
P0762,C019,Customer 19,M011,Merchant K,2024-06-23,71.06,PAID,0,0
P0763,C003,Customer 3,M006,Merchant F,2024-01-16,193.97,PAID,0,0
P0764,C037,Customer 37,M011,Merchant K,2024-10-22,56.16,PAID,0,0
P0765,C004,Customer 4,M020,Merchant T,2024-03-11,137.12,PAID,0,0
P0766,C013,Customer 13,M020,Merchant T,2024-11-21,170.46,PAID,0,0
P0767,C025,Customer 25,M018,Merchant R,2024-12-21,231.09,PAID,0,0
P0768,C028,Customer 28,M007,Merchant G,2024-06-26,123.73,PAID,0,0
P0769,C004,Customer 4,M020,Merchant T,2024-05-28,106.15,PAID,0,0
P0770,C028,Customer 28,M017,Merchant Q,2024-08-31,171.82,PAID,0,0
P0771,C025,Customer 25,M002,Merchant B,2024-08-25,281.44,FAILED,0,1
P0772,C004,Customer 4,M018,Merchant R,2024-07-13,230.85,PAID,1,0
P0773,C019,Customer 19,M014,Merchant N,2024-04-05,457.03,PAID,0,0
P0774,C032,Customer 32,M010,Merchant J,2024-12-09,324.83,FAILED,0,1
P0775,C030,Customer 30,M019,Merchant S,2024-04-01,172.34,PAID,0,0
P0776,C027,Customer 27,M013,Merchant M,2024-01-21,184.24,PAID,0,0
P0777,C037,Customer 37,M015,Merchant O,2024-11-13,164.7,PAID,0,0
P0778,C017,Customer 17,M010,Merchant J,2024-08-14,190.5,PAID,0,0
P0779,C017,Customer 17,M004,Merchant D,2024-11-04,307.41,PAID,0,0
P0780,C018,Customer 18,M004,Merchant D,2024-07-16,372.56,PAID,0,0
P0781,C033,Customer 33,M001,Merchant A,2024-06-11,52.37,PAID,0,0
P0782,C007,Customer 7,M003,Merchant C,2024-07-18,135.62,PAID,0,0
P0783,C014,Customer 14,M018,Merchant R,2024-06-17,112.95,PAID,0,0
P0784,C049,Customer 49,M009,Merchant I,2024-06-13,478.79,PAID,0,0
P0785,C041,Customer 41,M003,Merchant C,2024-03-04,83.58,PAID,0,0
P0786,C024,Customer 24,M005,Merchant E,2024-02-08,308.87,PAID,0,0
P0787,C021,Customer 21,M009,Merchant I,2024-04-06,151.8,PAID,0,0
P0788,C041,Customer 41,M010,Merchant J,2024-12-13,61.34,PAID,0,0
P0789,C006,Customer 6,M020,Merchant T,2024-07-07,62.23,PAID,0,0
P0790,C008,Customer 8,M009,Merchant I,2024-06-09,74.48,FAILED,0,1
P0791,C006,Customer 6,M010,Merchant J,2024-10-10,165.23,PAID,0,0
P0792,C023,Customer 23,M013,Merchant M,2024-05-21,434.23,PAID,0,0
P0793,C014,Customer 14,M003,Merchant C,2024-04-27,235.38,PAID,0,0
P0794,C037,Customer 37,M010,Merchant J,2024-07-03,425.33,PAID,0,0
P0795,C022,Customer 22,M005,Merchant E,2024-05-24,434.51,PAID,0,0
P0796,C037,Customer 37,M008,Merchant H,2024-09-03,129.63,FAILED,0,1
P0797,C036,Customer 36,M008,Merchant H,2024-11-11,139.35,PAID,0,0
P0798,C014,Customer 14,M002,Merchant B,2024-01-09,187.58,PAID,0,0
P0799,C040,Customer 40,M011,Merchant K,2024-03-24,358.34,PAID,0,0
P0800,C047,Customer 47,M014,Merchant N,2024-07-31,442.35,PAID,0,0
P0801,C029,Customer 29,M013,Merchant M,2024-04-23,124.05,PAID,0,0
P0802,C009,Customer 9,M004,Merchant D,2024-07-08,324.65,PAID,0,0
P0803,C042,Customer 42,M012,Merchant L,2024-07-08,237.76,PAID,0,0
P0804,C035,Customer 35,M014,Merchant N,2024-11-06,94.16,PAID,0,0
P0805,C011,Customer 11,M002,Merchant B,2024-06-08,128.1,PAID,0,0
P0806,C020,Customer 20,M008,Merchant H,2024-03-09,117.15,PAID,0,0
P0807,C012,Customer 12,M008,Merchant H,2024-01-20,454.73,PAID,0,0
P0808,C033,Customer 33,M012,Merchant L,2024-11-08,449.48,FAILED,0,1
P0809,C015,Customer 15,M003,Merchant C,2024-02-19,428.69,PAID,0,0
P0810,C035,Customer 35,M004,Merchant D,2024-07-07,494.09,PAID,0,0
P0811,C033,Customer 33,M005,Merchant E,2024-03-17,326.13,PAID,0,0
P0812,C020,Customer 20,M015,Merchant O,2024-09-21,51.72,PAID,0,0
P0813,C009,Customer 9,M013,Merchant M,2024-03-13,202.99,PAID,0,0
P0814,C041,Customer 41,M020,Merchant T,2024-04-28,490.39,PAID,0,0
P0815,C017,Customer 17,M016,Merchant P,2024-10-29,359.2,FAILED,1,1
P0816,C049,Customer 49,M005,Merchant E,2024-10-13,255.13,PAID,0,0
P0817,C019,Customer 19,M017,Merchant Q,2024-11-15,65.25,PAID,0,0
P0818,C045,Customer 45,M015,Merchant O,2024-06-20,139.06,PAID,0,0
P0819,C049,Customer 49,M012,Merchant L,2024-09-23,201.25,PAID,0,0
P0820,C030,Customer 30,M015,Merchant O,2024-01-03,334.96,PAID,0,0
P0821,C033,Customer 33,M003,Merchant C,2024-08-11,82.36,PAID,0,0
P0822,C022,Customer 22,M018,Merchant R,2024-04-24,331.48,PAID,0,0
P0823,C047,Customer 47,M010,Merchant J,2024-06-28,441.41,PAID,0,0
P0824,C046,Customer 46,M018,Merchant R,2024-09-05,185.41,PAID,0,0
P0825,C041,Customer 41,M019,Merchant S,2024-02-09,215.04,PAID,0,0
P0826,C021,Customer 21,M009,Merchant I,2024-11-29,450.77,PAID,1,0
P0827,C007,Customer 7,M006,Merchant F,2024-12-07,488.84,PAID,0,0
P0828,C006,Customer 6,M001,Merchant A,2024-12-06,391.55,PAID,0,0
P0829,C048,Customer 48,M002,Merchant B,2024-11-22,132.07,PAID,0,0
P0830,C032,Customer 32,M005,Merchant E,2024-12-17,193.48,PAID,0,0
P0831,C012,Customer 12,M019,Merchant S,2024-02-12,91.42,PAID,0,0
P0832,C044,Customer 44,M014,Merchant N,2024-08-03,436.07,PAID,0,0
P0833,C002,Customer 2,M009,Merchant I,2024-09-19,78.55,PAID,0,0
P0834,C017,Customer 17,M019,Merchant S,2024-09-25,374.69,PAID,0,0
P0835,C002,Customer 2,M014,Merchant N,2024-12-26,277.17,PAID,0,0
P0836,C012,Customer 12,M004,Merchant D,2024-04-15,216.14,PAID,0,0
P0837,C050,Customer 50,M020,Merchant T,2024-03-13,464.88,PAID,0,0
P0838,C026,Customer 26,M010,Merchant J,2024-09-04,109.7,PAID,0,0
P0839,C030,Customer 30,M003,Merchant C,2024-03-10,55.83,PAID,0,0
P0840,C046,Customer 46,M009,Merchant I,2024-10-20,477.6,PAID,0,0
P0841,C010,Customer 10,M007,Merchant G,2024-12-13,163.44,PAID,0,0
P0842,C013,Customer 13,M009,Merchant I,2024-09-26,344.91,PAID,0,0
P0843,C010,Customer 10,M016,Merchant P,2024-01-12,256.47,FAILED,0,1
P0844,C015,Customer 15,M019,Merchant S,2024-02-19,115.09,PAID,0,0
P0845,C050,Customer 50,M008,Merchant H,2024-06-23,362.95,PAID,0,0
P0846,C044,Customer 44,M001,Merchant A,2024-02-28,385.05,FAILED,0,1
P0847,C010,Customer 10,M010,Merchant J,2024-02-28,260.27,PAID,0,0
P0848,C002,Customer 2,M010,Merchant J,2024-05-20,459.38,PAID,0,0
P0849,C038,Customer 38,M008,Merchant H,2024-03-31,474.9,PAID,0,0
P0850,C028,Customer 28,M011,Merchant K,2024-08-12,382.57,PAID,0,0
P0851,C028,Customer 28,M004,Merchant D,2024-02-24,62.82,PAID,0,0
P0852,C005,Customer 5,M008,Merchant H,2024-02-13,117.31,PAID,0,0
P0853,C007,Customer 7,M015,Merchant O,2024-11-27,233.56,FAILED,1,1
P0854,C041,Customer 41,M009,Merchant I,2024-07-13,125.66,PAID,0,0
P0855,C023,Customer 23,M019,Merchant S,2024-09-15,114.66,PAID,0,0
P0856,C005,Customer 5,M019,Merchant S,2024-09-13,334.55,PAID,0,0
P0857,C007,Customer 7,M012,Merchant L,2024-11-29,168.43,PAID,0,0
P0858,C050,Customer 50,M008,Merchant H,2024-11-15,430.6,PAID,0,0
P0859,C043,Customer 43,M012,Merchant L,2024-08-26,449.13,PAID,0,0
P0860,C013,Customer 13,M009,Merchant I,2024-11-16,219.13,PAID,0,0
P0861,C031,Customer 31,M013,Merchant M,2024-09-17,215.71,PAID,0,0
P0862,C008,Customer 8,M003,Merchant C,2024-12-05,103.41,PAID,0,0
P0863,C014,Customer 14,M005,Merchant E,2024-01-31,298.36,PAID,0,0
P0864,C032,Customer 32,M002,Merchant B,2024-08-17,389.62,PAID,0,0
P0865,C031,Customer 31,M004,Merchant D,2024-05-09,313.59,PAID,0,0
P0866,C043,Customer 43,M007,Merchant G,2024-12-07,442.96,PAID,0,0
P0867,C037,Customer 37,M002,Merchant B,2024-08-09,81.17,PAID,0,0
P0868,C018,Customer 18,M007,Merchant G,2024-12-30,286.01,PAID,0,0
P0869,C017,Customer 17,M018,Merchant R,2024-09-20,488.77,PAID,0,0
P0870,C039,Customer 39,M004,Merchant D,2024-08-23,445.17,PAID,0,0
P0871,C002,Customer 2,M006,Merchant F,2024-11-12,275.91,FAILED,0,1
P0872,C045,Customer 45,M012,Merchant L,2024-08-07,207.43,PAID,0,0
P0873,C002,Customer 2,M010,Merchant J,2024-10-08,442.5,PAID,0,0
P0874,C025,Customer 25,M016,Merchant P,2024-11-27,245.61,PAID,0,0
P0875,C009,Customer 9,M018,Merchant R,2024-07-30,401.13,PAID,0,0
P0876,C035,Customer 35,M003,Merchant C,2024-12-14,346.8,PAID,0,0
P0877,C021,Customer 21,M013,Merchant M,2024-09-22,266.37,PAID,0,0
P0878,C008,Customer 8,M018,Merchant R,2024-09-28,236.88,PAID,0,0
P0879,C015,Customer 15,M018,Merchant R,2024-10-18,375.89,PAID,0,0
P0880,C021,Customer 21,M020,Merchant T,2024-11-03,181.45,FAILED,0,1
P0881,C020,Customer 20,M019,Merchant S,2024-12-07,460.35,PAID,0,0
P0882,C038,Customer 38,M011,Merchant K,2024-09-06,344.18,PAID,0,0
P0883,C030,Customer 30,M011,Merchant K,2024-04-18,389.97,PAID,0,0
P0884,C038,Customer 38,M013,Merchant M,2024-05-10,156.22,PAID,0,0
P0885,C049,Customer 49,M020,Merchant T,2024-05-30,100.64,PAID,0,0
P0886,C016,Customer 16,M001,Merchant A,2024-01-23,144.42,PAID,0,0
P0887,C044,Customer 44,M009,Merchant I,2024-07-03,171.22,PAID,0,0
P0888,C030,Customer 30,M002,Merchant B,2024-01-07,137.05,PAID,0,0
P0889,C035,Customer 35,M010,Merchant J,2024-08-07,252.71,PAID,0,0
P0890,C031,Customer 31,M001,Merchant A,2024-10-15,152.54,FAILED,0,1
P0891,C002,Customer 2,M008,Merchant H,2024-07-27,355.64,PAID,0,0
P0892,C014,Customer 14,M003,Merchant C,2024-06-15,473.05,PAID,0,0
P0893,C006,Customer 6,M018,Merchant R,2024-06-13,97.76,PAID,0,0
P0894,C028,Customer 28,M006,Merchant F,2024-03-28,383.49,PAID,0,0
P0895,C045,Customer 45,M002,Merchant B,2024-08-16,305.31,PAID,1,0
P0896,C001,Customer 1,M020,Merchant T,2024-11-01,153.84,PAID,0,0
P0897,C021,Customer 21,M009,Merchant I,2024-01-29,496.06,PAID,0,0
P0898,C006,Customer 6,M008,Merchant H,2024-04-06,247.48,PAID,0,0
P0899,C044,Customer 44,M002,Merchant B,2024-05-31,214.02,PAID,0,0
P0900,C024,Customer 24,M012,Merchant L,2024-10-06,134.98,PAID,0,0
P0901,C045,Customer 45,M002,Merchant B,2024-02-24,341.1,PAID,0,0
P0902,C050,Customer 50,M016,Merchant P,2024-03-29,170.05,PAID,1,0
P0903,C013,Customer 13,M008,Merchant H,2024-07-11,336.59,PAID,0,0
P0904,C040,Customer 40,M001,Merchant A,2024-02-16,59.18,FAILED,0,1
P0905,C042,Customer 42,M008,Merchant H,2024-07-05,388.1,PAID,0,0
P0906,C021,Customer 21,M004,Merchant D,2024-06-13,496.21,PAID,0,0
P0907,C006,Customer 6,M013,Merchant M,2024-05-21,347.77,PAID,0,0
P0908,C032,Customer 32,M016,Merchant P,2024-08-09,99.08,PAID,0,0
P0909,C021,Customer 21,M005,Merchant E,2024-06-01,70.97,PAID,0,0
P0910,C014,Customer 14,M019,Merchant S,2024-04-02,363.64,PAID,0,0
P0911,C036,Customer 36,M016,Merchant P,2024-04-22,119.71,PAID,0,0
P0912,C025,Customer 25,M011,Merchant K,2024-10-26,397.83,PAID,0,0
P0913,C008,Customer 8,M004,Merchant D,2024-01-15,357.8,PAID,1,0
P0914,C021,Customer 21,M004,Merchant D,2024-08-21,289.51,PAID,0,0
P0915,C007,Customer 7,M006,Merchant F,2024-10-20,478.03,PAID,0,0
P0916,C007,Customer 7,M008,Merchant H,2024-01-13,210.82,PAID,0,0
P0917,C020,Customer 20,M014,Merchant N,2024-12-19,197.44,PAID,0,0
P0918,C037,Customer 37,M007,Merchant G,2024-10-31,213.48,PAID,0,0
P0919,C020,Customer 20,M009,Merchant I,2024-03-19,263.24,PAID,0,0
P0920,C026,Customer 26,M019,Merchant S,2024-12-02,423.12,PAID,0,0
P0921,C015,Customer 15,M016,Merchant P,2024-02-29,150.83,PAID,0,0
P0922,C013,Customer 13,M004,Merchant D,2024-01-25,390.68,PAID,0,0
P0923,C050,Customer 50,M004,Merchant D,2024-04-14,269.1,PAID,0,0
P0924,C045,Customer 45,M017,Merchant Q,2024-03-27,224.84,PAID,0,0
P0925,C003,Customer 3,M011,Merchant K,2024-05-15,102.72,PAID,0,0
P0926,C020,Customer 20,M003,Merchant C,2024-04-24,483.65,PAID,0,0
P0927,C016,Customer 16,M017,Merchant Q,2024-07-21,450.93,PAID,0,0
P0928,C033,Customer 33,M019,Merchant S,2024-01-19,291.81,PAID,1,0
P0929,C048,Customer 48,M004,Merchant D,2024-01-22,288.23,PAID,0,0
P0930,C025,Customer 25,M003,Merchant C,2024-03-22,288.06,PAID,0,0
P0931,C036,Customer 36,M003,Merchant C,2024-11-17,79.55,PAID,0,0
P0932,C002,Customer 2,M001,Merchant A,2024-06-02,187.48,PAID,0,0
P0933,C013,Customer 13,M013,Merchant M,2024-08-24,344.09,FAILED,0,1
P0934,C009,Customer 9,M018,Merchant R,2024-04-10,332.51,PAID,0,0
P0935,C049,Customer 49,M011,Merchant K,2024-04-12,256.18,PAID,0,0
P0936,C044,Customer 44,M012,Merchant L,2024-11-15,98.23,PAID,0,0
P0937,C011,Customer 11,M003,Merchant C,2024-08-06,380.59,PAID,0,0
P0938,C049,Customer 49,M017,Merchant Q,2024-04-29,365.82,PAID,0,0
P0939,C009,Customer 9,M016,Merchant P,2024-05-20,206.85,PAID,0,0
P0940,C018,Customer 18,M002,Merchant B,2024-04-13,90.62,FAILED,0,1
P0941,C024,Customer 24,M003,Merchant C,2024-06-29,158.79,PAID,0,0
P0942,C017,Customer 17,M015,Merchant O,2024-03-01,59.8,FAILED,0,1
P0943,C042,Customer 42,M015,Merchant O,2024-09-04,123.13,FAILED,0,1
P0944,C020,Customer 20,M009,Merchant I,2024-10-01,189.55,PAID,0,0
P0945,C037,Customer 37,M018,Merchant R,2024-04-27,404.71,FAILED,1,1
P0946,C044,Customer 44,M009,Merchant I,2024-07-23,211.11,PAID,0,0
P0947,C033,Customer 33,M010,Merchant J,2024-09-09,82.94,FAILED,0,1
P0948,C039,Customer 39,M008,Merchant H,2024-08-16,428.11,PAID,0,0
P0949,C015,Customer 15,M017,Merchant Q,2024-05-14,63.16,PAID,0,0
P0950,C042,Customer 42,M014,Merchant N,2024-05-21,275.67,PAID,0,0
P0951,C038,Customer 38,M008,Merchant H,2024-01-01,221.35,PAID,0,0
P0952,C032,Customer 32,M001,Merchant A,2024-11-23,472.66,PAID,0,0
P0953,C037,Customer 37,M017,Merchant Q,2024-07-22,381.29,PAID,0,0
P0954,C043,Customer 43,M016,Merchant P,2024-06-04,146.56,PAID,0,0
P0955,C048,Customer 48,M018,Merchant R,2024-11-14,451.35,PAID,0,0
P0956,C038,Customer 38,M011,Merchant K,2024-02-11,191.7,PAID,0,0
P0957,C027,Customer 27,M009,Merchant I,2024-08-08,131.05,PAID,0,0
P0958,C012,Customer 12,M011,Merchant K,2024-05-21,176.0,PAID,0,0
P0959,C011,Customer 11,M001,Merchant A,2024-07-25,214.16,PAID,0,0
P0960,C024,Customer 24,M009,Merchant I,2024-06-08,195.16,PAID,0,0
P0961,C023,Customer 23,M009,Merchant I,2024-05-27,141.65,PAID,0,0
P0962,C025,Customer 25,M013,Merchant M,2024-03-08,456.8,FAILED,0,1
P0963,C042,Customer 42,M014,Merchant N,2024-04-06,218.08,PAID,0,0
P0964,C023,Customer 23,M020,Merchant T,2024-10-25,143.3,PAID,0,0
P0965,C006,Customer 6,M010,Merchant J,2024-04-21,404.34,FAILED,0,1
P0966,C007,Customer 7,M013,Merchant M,2024-10-24,331.22,PAID,0,0
P0967,C003,Customer 3,M011,Merchant K,2024-06-20,474.66,FAILED,0,1
P0968,C041,Customer 41,M014,Merchant N,2024-08-24,332.6,PAID,0,0
P0969,C042,Customer 42,M011,Merchant K,2024-10-12,55.59,PAID,0,0
P0970,C044,Customer 44,M004,Merchant D,2024-05-06,237.52,PAID,0,0
P0971,C019,Customer 19,M020,Merchant T,2024-12-21,261.87,FAILED,0,1
P0972,C050,Customer 50,M005,Merchant E,2024-07-22,95.36,PAID,0,0
P0973,C044,Customer 44,M013,Merchant M,2024-05-07,412.99,PAID,0,0
P0974,C039,Customer 39,M012,Merchant L,2024-05-04,334.93,PAID,0,0
P0975,C012,Customer 12,M001,Merchant A,2024-12-17,59.82,PAID,0,0
P0976,C030,Customer 30,M018,Merchant R,2024-05-09,263.82,PAID,0,0
P0977,C025,Customer 25,M014,Merchant N,2024-04-20,439.01,PAID,0,0
P0978,C020,Customer 20,M012,Merchant L,2024-06-21,376.97,PAID,0,0
P0979,C020,Customer 20,M016,Merchant P,2024-07-17,445.55,PAID,0,0
P0980,C027,Customer 27,M020,Merchant T,2024-09-04,336.88,PAID,0,0
P0981,C016,Customer 16,M010,Merchant J,2024-11-21,317.88,PAID,0,0
P0982,C047,Customer 47,M014,Merchant N,2024-09-19,73.19,PAID,0,0
P0983,C024,Customer 24,M011,Merchant K,2024-07-09,197.16,PAID,0,0
P0984,C003,Customer 3,M016,Merchant P,2024-02-15,194.93,PAID,0,0
P0985,C007,Customer 7,M018,Merchant R,2024-10-24,451.77,PAID,0,0
P0986,C021,Customer 21,M001,Merchant A,2024-02-23,341.19,PAID,0,0
P0987,C050,Customer 50,M004,Merchant D,2024-05-23,321.6,PAID,0,0
P0988,C046,Customer 46,M020,Merchant T,2024-09-04,219.96,FAILED,0,1
P0989,C026,Customer 26,M015,Merchant O,2024-01-14,483.31,FAILED,0,1
P0990,C013,Customer 13,M015,Merchant O,2024-03-17,440.78,PAID,0,0
P0991,C017,Customer 17,M010,Merchant J,2024-12-07,448.98,PAID,0,0
P0992,C028,Customer 28,M001,Merchant A,2024-02-15,300.5,PAID,0,0
P0993,C020,Customer 20,M016,Merchant P,2024-06-15,308.89,PAID,0,0
P0994,C035,Customer 35,M019,Merchant S,2024-09-23,475.2,PAID,0,0
P0995,C017,Customer 17,M009,Merchant I,2024-02-17,113.93,PAID,0,0
P0996,C042,Customer 42,M014,Merchant N,2024-02-25,316.46,PAID,0,0
P0997,C014,Customer 14,M006,Merchant F,2024-03-10,409.82,PAID,0,0
P0998,C043,Customer 43,M014,Merchant N,2024-02-21,90.55,PAID,0,0
P0999,C030,Customer 30,M008,Merchant H,2024-01-19,93.1,PAID,0,0
P1000,C031,Customer 31,M008,Merchant H,2024-05-23,157.3,PAID,0,0
